Country,BR,Full Downtier,Downtier,Total Downtier,Uptier,Full Uptier,Total Uptier,Count
Britain,1.0,4.75873227372228e-05,0.000594841534215285,0.0006424288569525078,0.0753188350623394,0.9240387360807081,0.9993575711430475,84056
Britain,1.3,0.0005322376334585865,0.06739192914852624,0.06792416678198482,0.8267885845672376,0.1052872486507776,0.9320758332180152,93943
Britain,1.7,0.056084121753304274,0.6880603096984516,0.7441444314517558,0.08762092059104921,0.168234647957195,0.2558555685482442,112884
Britain,2.0,0.5866921473245309,0.07471220956582167,0.6614043568903526,0.1434495573616944,0.19514608574795297,0.3385956431096474,132388
Britain,2.3,0.09107902539641614,0.17487430707747842,0.2659533324738946,0.237895725519807,0.49615094200629845,0.7340466675261055,108598
Britain,2.7,0.10974792246968944,0.14929901411218086,0.2590469365818703,0.31137527305509644,0.42957779036303323,0.7409530634181296,173042
Britain,3.0,0.14115789358656336,0.2943963020839025,0.4355541956704658,0.4061533586126258,0.15829244571690834,0.5644458043295342,183022
Britain,3.3,0.243722718534434,0.33624335632703833,0.5799660748614723,0.1310460251046025,0.28898790003392516,0.42003392513852766,221075
Britain,3.7,0.24491214660134358,0.09545099615507534,0.34036314275641893,0.21049232827156306,0.44914452897201806,0.6596368572435811,303517
Britain,4.0,0.08329116689858206,0.18367698977655622,0.2669681566751383,0.3919264694044183,0.34110537392044343,0.7330318433248617,347828
Britain,4.3,0.15675190272195968,0.3344742304464956,0.4912261331684553,0.2911029653510773,0.21767090148046736,0.5087738668315447,407574
Britain,4.7,0.2690998027987185,0.23420563810110365,0.5033054408998221,0.175126187106313,0.32156837199386484,0.49669455910017785,506589
Britain,5.0,0.2924937628810066,0.21871086392726483,0.5112046268082714,0.4015989705055764,0.08719640268615211,0.4887953731917285,405636
Britain,5.3,0.27002340566057836,0.49581954813987394,0.7658429538004523,0.1076538640645497,0.126503182134998,0.2341570461995477,328553
Britain,5.7,0.5478843443838685,0.11895833263265519,0.6668426770165237,0.13978697142242147,0.19337035156105487,0.33315732298347633,297331
Britain,6.0,0.1933568765511737,0.22721209669483836,0.42056897324601206,0.31430742486032603,0.2651236018936619,0.5794310267539879,182926
Britain,6.3,0.27091168629700363,0.3747580156303978,0.6456697019274014,0.31611469244356954,0.038215605629029,0.3543302980725985,153419
Britain,6.7,0.4268659375904849,0.3600686014655768,0.7869345390560617,0.04352926327668515,0.1695361976672532,0.21306546094393836,134691
Britain,7.0,0.41169779286926994,0.04977079796264856,0.4614685908319185,0.19384550084889643,0.34468590831918505,0.5385314091680815,117800
Britain,7.3,0.06514589213093624,0.2537278606191249,0.31887375275006113,0.45116558145736574,0.22996066579257315,0.6811262472499389,89998
Britain,7.7,0.20382205401931555,0.36242569220058196,0.5662477462198975,0.18472963564632167,0.24902261813378082,0.4337522537801025,112034
Britain,8.0,0.21490647725708964,0.10953857879304323,0.32444505605013285,0.1476621960643174,0.5278927478855497,0.6755549439498671,188938
Britain,8.3,0.08448553875043374,0.11388973935051946,0.1983752781009532,0.4071561243442941,0.3944685975547527,0.8016247218990469,244965
Britain,8.7,0.09341391548918503,0.3339549989955133,0.4273689144846983,0.32354851670796225,0.24908256880733945,0.5726310855153017,298660
Britain,9.0,0.28294912311559217,0.27413205181305994,0.5570811749286522,0.21103949525954757,0.23187932981180034,0.44291882507134794,352498
Britain,9.3,0.27049171150088736,0.2082369934106292,0.47872870491151653,0.22880008509637725,0.2924712099921062,0.5212712950884835,357242
Britain,9.7,0.2592526764804282,0.2848534905765585,0.5441061670569867,0.36412331325973013,0.09177051968328315,0.4558938329430133,286944
Britain,10.0,0.37325728481206305,0.47712836156231303,0.8503856463743761,0.12025134371161232,0.02936300991401159,0.14961435362562392,218983
Britain,10.3,0.5970286563241051,0.15046998657181224,0.7474986428959173,0.03674180737693209,0.21575954972715064,0.2525013571040827,175005
Britain,10.7,0.25460469703268973,0.062169452850802984,0.31677414988349273,0.3650787511964961,0.3181470989200112,0.6832258501165073,103427
Britain,11.0,0.050131761550576165,0.29438960876954984,0.344521370320126,0.25654519655081004,0.39893343312906393,0.655478629679874,128262
Britain,11.3,0.18749006911893223,0.1633878207674585,0.35087788988639074,0.254071661237785,0.39505044887582424,0.6491221101136093,201392
Britain,11.7,0.07963725779673077,0.12383769053162498,0.20347494832835575,0.19255250661929493,0.6039725450523493,0.7965250516716442,413186
Britain,12.0,0.06192371600385813,0.09628382671331599,0.15820754271717413,0.3020100277499767,0.5397824295328492,0.8417924572828259,826307
Britain,12.3,0.09545829218924162,0.2994206032013803,0.39487889539062193,0.5351543518350765,0.06996675277430162,0.6051211046093782,833453
Britain,12.7,0.31930890381950533,0.5707007054012522,0.8900096092207574,0.07461412772970324,0.03537626304953931,0.10999039077924255,781541
Britain,13.0,0.5529252503514466,0.07229014238854743,0.625215392739994,0.03427440849124669,0.3405101987687593,0.374784607260006,806666
Britain,13.3,0.16169587400177463,0.07666370896184561,0.23835958296362025,0.7616404170363797,0.0,0.7616404170363797,360640
Britain,13.7,0.0914509502986842,0.9085490497013158,1.0,0.0,0.0,0.0,302326
Britain,14.0,1.0,0.0,1.0,0.0,0.0,0.0,274678
China,1.0,6.133338785190031e-05,0.0006746672663709034,0.0007360006542228038,0.054995604440537284,0.94426839490524,0.9992639993457773,48913
China,1.3,0.0006433124744137085,0.05243971382342047,0.05308302629783418,0.9003840380529076,0.04653293564925824,0.9469169737021658,51297
China,1.7,0.04378183948828958,0.7517293012809037,0.7955111407691933,0.03885027912957146,0.16563858010123533,0.20448885923080679,61441
China,2.0,0.573552056427578,0.029641863699582754,0.6031939201271608,0.12637840254321478,0.27042767732962447,0.3968060798728392,80528
China,2.3,0.0264892578125,0.11293723366477272,0.1394264914772727,0.2416659268465909,0.6189075816761364,0.8605735085227273,90112
China,2.7,0.07084827178112708,0.15160290995161682,0.22245118173274392,0.3882557694315848,0.3892930488356713,0.7775488182672561,143645
China,3.0,0.15151009162822734,0.38801806126637584,0.5395281528946032,0.3890547055999666,0.0714171415054302,0.4604718471053968,143733
China,3.3,0.2876261597413113,0.28839459311710613,0.5760207528584174,0.05293938659418982,0.37103986054739274,0.4239792471415826,193901
China,3.7,0.22466763894078368,0.04124129674047111,0.2659089356812548,0.28905066673094926,0.44504039758779596,0.7340910643187453,248901
China,4.0,0.04616284037505902,0.32354462257999234,0.36970746295505136,0.49814943898545183,0.13214309805949678,0.6302925370449486,222365
China,4.3,0.2914688295062309,0.4487635515078838,0.7402323810141147,0.11904260318592101,0.14072501579996435,0.25976761898588535,246836
China,4.7,0.46976874371816674,0.12461460820444531,0.594383351922612,0.1473119054788188,0.2583047425985691,0.40561664807738795,235799
China,5.0,0.17316384680209088,0.20470389948670803,0.37786774628879893,0.35893900017090086,0.2631932535403002,0.6221322537112011,169689
China,5.3,0.21178163372312794,0.3713494860320209,0.5831311197551489,0.27229328488336646,0.1445755953614847,0.41686888024485114,164018
China,5.7,0.44550095817668484,0.32666510627715445,0.7721660644538393,0.17344460861042438,0.05438932693573633,0.22783393554616072,136718
China,6.0,0.5060736543909349,0.26870254957507084,0.7747762039660058,0.08426062322946176,0.14096317280453258,0.22522379603399434,88250
China,6.3,0.5379415167532497,0.16868945804314783,0.7066309747963976,0.28220775390757924,0.01116127129602323,0.2933690252036025,44081
China,6.7,0.2903326565672341,0.4857098235202249,0.776042480087459,0.01920974543182883,0.20474777448071216,0.22395751991254098,25612
China,7.0,0.25164357236775564,0.00995246282997876,0.2615960351977344,0.10607868918782239,0.6323252756144432,0.7384039648022656,49435
China,7.3,0.00867235422689135,0.09243460480857364,0.10110695903546499,0.5509941479235705,0.34789889304096455,0.898893040964535,56732
China,7.7,0.06477832816572579,0.3861376354180821,0.4509159635838079,0.24380813558484551,0.3052759008313466,0.5490840364161921,80953
China,8.0,0.2493598283302887,0.15744633327217467,0.40680616160246336,0.19714096540280956,0.3960528729947271,0.5931938383975366,125357
China,8.3,0.12400573001093226,0.15526947386939094,0.27927520388032323,0.3119337530315025,0.4087910430881743,0.7207247961196768,159162
China,8.7,0.14019014987349815,0.2816396455678969,0.42182979544139504,0.3690904346444901,0.2090797699141149,0.578170204558605,176282
China,9.0,0.2324529573982948,0.3046309865485549,0.5370839439468498,0.1725652322516305,0.2903508238015198,0.4629160560531503,213583
China,9.3,0.23210036849821816,0.13147859464125825,0.3635789631394764,0.22122021781704937,0.4152008190434742,0.6364210368605236,280327
China,9.7,0.1202045535338645,0.20225100205792856,0.32245555559179306,0.3795981331880934,0.29794631122011356,0.6775444444082069,306619
China,10.0,0.1526618712120093,0.28652595404438014,0.43918782525638944,0.22489402242145842,0.33591815232215216,0.5608121747436106,406218
China,10.3,0.11161466894002889,0.08760627616747954,0.19922094510750843,0.13085513836759038,0.6699239165249011,0.8007790548924916,1042802
China,10.7,0.06193971461464298,0.09251768572896935,0.15445740034361233,0.47365209455712115,0.3718905050992665,0.8455425996563877,1474918
China,11.0,0.09275515211991772,0.4748678237722803,0.567622975892198,0.37284504147118364,0.05953198263661835,0.432377024107802,1471142
China,11.3,0.503120566354346,0.39502783519261375,0.8981484015469597,0.06307389829531951,0.03877770015772076,0.10185159845304026,1388530
China,11.7,0.7583482765628867,0.12108509276323703,0.8794333693261238,0.07444286063877295,0.04612377003510334,0.1205666306738763,723293
China,12.0,0.32019128120384316,0.19685292698264137,0.5170442081864846,0.12196735935420658,0.3609884324593089,0.48295579181351544,273524
China,12.3,0.23477396400167433,0.14546271103669597,0.38023667503837033,0.43052794056090415,0.18923538440072554,0.6197633249616297,229344
China,12.7,0.07636158047253035,0.2260083958597516,0.30236997633228196,0.09934032530523117,0.5982896983624869,0.6976300236677181,436882
China,13.0,0.06927249116195011,0.03044821313187935,0.09972070429382945,0.1833782222312647,0.7169010734749058,0.9002792957061705,1425371
China,13.3,0.03271442268843206,0.19702675647805873,0.22974117916649078,0.7702588208335093,0.0,0.7702588208335093,1326632
China,13.7,0.2036903693174734,0.7963096306825266,1.0,0.0,0.0,0.0,1283232
China,14.0,1.0,0.0,1.0,0.0,0.0,0.0,1021850
France,1.0,5.221023320570832e-05,0.0003132613992342499,0.00036547163243995823,0.08003828750435085,0.9195962408632092,0.9996345283675601,57460
France,1.3,0.0002517200872629636,0.06431448229568719,0.06456620238295015,0.738938300609722,0.19649549700732785,0.9354337976170498,71508
France,1.7,0.04704666816703153,0.5405405405405406,0.5875872087075721,0.14373836364752338,0.26867442764490457,0.4124127912924279,97754
France,2.0,0.4537374951698081,0.12065604740028336,0.5743935425700915,0.22552917435919453,0.200077283070714,0.42560645742990855,116455
France,2.3,0.11178379926490477,0.20894524972553263,0.3207290489904374,0.18536492227402185,0.49390602873554074,0.6792709510095626,125698
France,2.7,0.16753098468466746,0.14862442671157294,0.31615541139624037,0.3960107417826001,0.28783384682115953,0.6838445886037596,156771
France,3.0,0.15605743985425707,0.41581605315329795,0.5718734930075551,0.302229009269678,0.12589749772276698,0.428126506992445,149304
France,3.3,0.35139663223432854,0.25540682043299845,0.6068034526673269,0.10639309466534598,0.286803452667327,0.39319654733267295,176675
France,3.7,0.22910700867198766,0.09543755965799468,0.32454456832998235,0.2572706594366254,0.41818477223339223,0.6754554316700176,196956
France,4.0,0.08448659460188328,0.2277501854057577,0.312236780007641,0.37020023821830683,0.3175629817740522,0.687763219992359,222485
France,4.3,0.21557449234421466,0.35040906016141177,0.5659835525056265,0.30058583030916697,0.1334306171852066,0.43401644749437357,235051
France,4.7,0.35241363375749846,0.3023053817914203,0.6547190155489188,0.13419392933243196,0.21108705511864928,0.34528098445108124,233714
France,5.0,0.4140155754660041,0.18378229506659713,0.5977978705326012,0.2890895559996015,0.11311257346779723,0.40220212946739875,170653
France,5.3,0.25383220835559006,0.39927807183670827,0.6531102801922983,0.15622622574013822,0.19066349406756342,0.34688971980770167,123558
France,5.7,0.3952189830725724,0.15463801901832136,0.5498570020908937,0.1887251956708084,0.2614178022382978,0.45014299790910617,124827
France,6.0,0.1663406437157999,0.20300745400491188,0.36934809772071175,0.281201258132621,0.34945064414666727,0.6306519022792882,116045
France,6.3,0.2393473269258123,0.3315384146465365,0.5708857415723487,0.4120049580395424,0.017109300388108834,0.4291142584276512,98426
France,6.7,0.40486854675616324,0.5031327932108339,0.9080013399669972,0.0208935594734426,0.07110510055956029,0.09199866003300289,80599
France,7.0,0.48450960010514116,0.02012019546698209,0.5046297955721233,0.06847318302926031,0.42689702139861646,0.49537020442787677,83697
France,7.3,0.025864319832895607,0.08802162527453962,0.11388594510743523,0.5487720591623277,0.337341995730237,0.8861140548925648,65109
France,7.7,0.05610706453634085,0.3498002819548872,0.40590734649122806,0.21502976190476192,0.37906289160401,0.5940926535087719,102144
France,8.0,0.2045220377790498,0.12572409845449342,0.3302461362335432,0.22163136805953063,0.44812249570692614,0.6697538637664567,174700
France,8.3,0.11100722224187687,0.1956878818968872,0.3066951041387641,0.3956666548738761,0.2976382409873598,0.6933048958612359,197861
France,8.7,0.18234349466188818,0.36868527509995713,0.5510287697618453,0.27734163444647997,0.17162959579167472,0.44897123023815466,212341
France,9.0,0.3422621910166394,0.25746500301660447,0.5997271940332438,0.15932917712277142,0.2409436288439847,0.40027280596675613,228734
France,9.3,0.23234004947350564,0.14378089628317467,0.3761209457566803,0.21743092843700806,0.4064481258063116,0.6238790542433197,253469
France,9.7,0.15600626696232117,0.23591859798121623,0.3919248649435374,0.4410075083687919,0.1670676266876707,0.6080751350564626,233606
France,10.0,0.23501117232674365,0.4393112388489945,0.6743224111757381,0.16642502601190579,0.15925256281235609,0.3256775888242619,234508
France,10.3,0.4123766636645652,0.15622135494846393,0.5685980186130292,0.1494886420494346,0.28191333933753626,0.43140198138697083,249825
France,10.7,0.21392707579644368,0.20470740424039116,0.41863448003683484,0.3860477098818216,0.1953178100813436,0.5813655199631652,182436
France,11.0,0.10384330910526696,0.1958330321045051,0.29967634120977205,0.0990801861872216,0.6012434726030064,0.700323658790228,359638
France,11.3,0.13286911178482558,0.06722408468427338,0.20009319646909896,0.4079326419689735,0.39197416156192755,0.799906803530901,530063
France,11.7,0.030110418104952547,0.1827175850148427,0.21282800311979524,0.17556960345982925,0.6116023934203755,0.7871719968802047,1183411
France,12.0,0.09015856867070003,0.086631531107062,0.17679009977776203,0.30178374118657564,0.5214261590356624,0.823209900222238,2398330
France,12.3,0.09377627670661215,0.32667269361884776,0.4204489703254599,0.5644296383422481,0.015121391332291931,0.5795510296745401,2215603
France,12.7,0.3459809862157713,0.5977907757142119,0.9437717619299832,0.01601515519446872,0.040213082875548055,0.05622823807001677,2091956
France,13.0,0.5804199828828478,0.015549781765591554,0.5959697646484393,0.03904455843502444,0.3649856769165363,0.4040302353515607,2154564
France,13.3,0.03706034875643244,0.09305628686344872,0.13011663561988115,0.8698833643801188,0.0,0.8698833643801188,904012
France,13.7,0.09663771425683135,0.9033622857431687,1.0,0.0,0.0,0.0,870509
France,14.0,1.0,0.0,1.0,0.0,0.0,0.0,786385
Germany,1.0,3.3852716064960284e-05,0.000658589203445591,0.0006924419195105513,0.07401434739657226,0.9252932106839172,0.9993075580804895,324937
Germany,1.3,0.0005497822708063045,0.06178627856491413,0.062336060835720436,0.7724235378746034,0.16524040128967618,0.9376639391642796,389245
Germany,1.7,0.045228956311273015,0.5654315369006223,0.6106604932118953,0.12095971895986565,0.26837978782823907,0.3893395067881047,531739
Germany,2.0,0.4619975506578958,0.09883264416775381,0.5608301948256496,0.21928526537868764,0.2198845397956628,0.43916980517435045,650787
Germany,2.3,0.10259211821245767,0.22762661120140876,0.33021872941386643,0.2282486812911623,0.4415325892949713,0.6697812705861336,626939
Germany,2.7,0.18331079006760412,0.18381175152825358,0.36712254159585767,0.35557216863647284,0.2773052897676695,0.6328774584041423,778503
Germany,3.0,0.1996929904129279,0.38629341743535356,0.5859864078482815,0.3012643212994878,0.1127492708522307,0.4140135921517185,716590
Germany,3.3,0.4061250179724706,0.3167306828951963,0.7228557008676668,0.11853761307985058,0.15860668605248254,0.2771442991323331,681598
Germany,3.7,0.3168162086484868,0.11856962140490215,0.43538583005338893,0.15864951409862432,0.4059646558479867,0.564614169946611,681414
Germany,4.0,0.09729777248976082,0.13018717733495988,0.2274849498247207,0.3331330256060714,0.43938202456920794,0.7725150501752793,830389
Germany,4.3,0.12039522187797212,0.30807661210389276,0.4284718339818649,0.4063341522575357,0.16519401376059942,0.5715281660181352,897926
Germany,4.7,0.24841412951335506,0.32764299774422045,0.5760571272575755,0.13320234486127674,0.29074052788114774,0.4239428727424245,1113584
Germany,5.0,0.37965347559751056,0.15434705924587083,0.5340005348433814,0.33689305941860237,0.12910640573801624,0.4659994651566186,961029
Germany,5.3,0.21547888312175054,0.4703253857227735,0.6858042688445241,0.18024123198858774,0.1339544991668882,0.31419573115547594,688383
Germany,5.7,0.5037670028598725,0.1930569516062276,0.6968239544661001,0.14347908621006214,0.15969695932383776,0.3031760455338999,642686
Germany,6.0,0.2563808508352137,0.19054113251836974,0.44692198335358346,0.21207857042492168,0.34099944622149486,0.5530780166464165,483948
Germany,6.3,0.24904527064619109,0.2771956074347354,0.5262408780809265,0.4457006119990709,0.028058509920002594,0.4737591219190735,370262
Germany,6.7,0.32981352288465926,0.5303045396557098,0.860118062540369,0.033384641586678275,0.10649729587295262,0.1398819374596309,311191
Germany,7.0,0.477714510680303,0.03007390381792971,0.5077884144982328,0.09593601370969376,0.3962755717920735,0.49221158550176725,345449
Germany,7.3,0.046754544268079186,0.14914740125020814,0.19590194551828732,0.6160717902098531,0.1880262642718595,0.8040980544817127,222203
Germany,7.7,0.12058507831971911,0.4980915822220605,0.6186766605417796,0.15201848381756328,0.2293048556406571,0.3813233394582204,274835
Germany,8.0,0.3112973280272882,0.09500852757248436,0.40630585559977256,0.14331097214326322,0.45038317225696417,0.5936941444002274,439750
Germany,8.3,0.08733168062273466,0.13173120738452276,0.21906288800725743,0.41399146331776776,0.3669456486749748,0.7809371119927426,478406
Germany,8.7,0.11287228726633819,0.35472356399964894,0.46759585126598713,0.3144129283463989,0.21799122038761398,0.5324041487340129,558339
Germany,9.0,0.3194276442904744,0.2831280220116961,0.6025556663021705,0.1963005254550557,0.20114380824277378,0.3974443336978295,620034
Germany,9.3,0.24204574283854885,0.16781703967614908,0.40986278251469793,0.17195755523444997,0.41817966225085207,0.590137217485302,725272
Germany,9.7,0.18998924497877873,0.1946768108318205,0.3846660558105992,0.4734301025083082,0.14190384168109255,0.6153339441894008,640631
Germany,10.0,0.1875293211918538,0.45604828523655433,0.6435776064284081,0.13669389277164956,0.21972850079994227,0.35642239357159183,665048
Germany,10.3,0.26386928946154986,0.0790910119104584,0.3429603013720083,0.12713479089271887,0.5299049077352729,0.6570396986279917,1149410
Germany,10.7,0.07190990616148009,0.11559152755947866,0.18750143372095873,0.4817919415785406,0.33070662470050066,0.8124985662790413,1264193
Germany,11.0,0.08768618989013574,0.3654809359194149,0.45316712580955065,0.25086963122355627,0.2959632429668931,0.5468328741904493,1666511
Germany,11.3,0.3726633512645681,0.25579971022863546,0.6284630614932036,0.30177949965491757,0.06975743885187886,0.3715369385067964,1634392
Germany,11.7,0.3247230265447134,0.38309172590346474,0.7078147524481782,0.08855305835860218,0.20363218919321965,0.29218524755182185,1287488
Germany,12.0,0.3717323457169753,0.08592729594047772,0.457659641657453,0.19759411711061922,0.3447462412319278,0.542340358342547,1326831
Germany,12.3,0.12189192223190373,0.2802965750605392,0.4021884972924429,0.48903880386381493,0.10877269884374215,0.5978115027075571,935345
Germany,12.7,0.23601376253328557,0.4117777325668277,0.6477914951001132,0.09158818265783973,0.260620322242047,0.35220850489988675,1110842
Germany,13.0,0.24113394420739775,0.05363335115137215,0.2947672953587699,0.15261730121025602,0.552615403430974,0.7052327046412301,1896954
Germany,13.3,0.07067564920314491,0.20111230439850675,0.27178795360165164,0.7282120463983484,0.0,0.7282120463983484,1439534
Germany,13.7,0.2164070103468845,0.7835929896531155,1.0,0.0,0.0,0.0,1337794
Germany,14.0,1.0,0.0,1.0,0.0,0.0,0.0,1048286
Israel,1.0,0.0,0.0,0.0,0.0,0.0,0.0,0
Israel,1.3,0.0,0.0,0.0,0.0,0.0,0.0,0
Israel,1.7,0.0,0.0,0.0,0.0,0.0,0.0,0
Israel,2.0,0.0,0.0,0.0,0.0,0.0,0.0,0
Israel,2.3,0.0,0.0,0.0,0.0,1.0,1.0,8025
Israel,2.7,0.0,0.0,0.0,0.5615029387069689,0.43849706129303107,1.0,14292
Israel,3.0,0.0,0.3951255539143279,0.3951255539143279,0.3085672082717873,0.2963072378138848,0.6048744460856721,20310
Israel,3.3,0.20419327752474492,0.15946159130810922,0.36365486883285414,0.15312587465967786,0.483219256507468,0.6363451311671459,39301
Israel,3.7,0.13603212502713263,0.13062730627306274,0.26665943130019537,0.4122205339700456,0.3211200347297591,0.7333405686998047,46070
Israel,4.0,0.10175509789996956,0.3211085184809442,0.42286361638091374,0.2501437218896892,0.32699266172939706,0.5771363836190863,59142
Israel,4.3,0.3127480526324457,0.24363091415114538,0.5563789667835911,0.3184789947795728,0.12514203843683613,0.44362103321640894,60723
Israel,4.7,0.272604986272089,0.356354456503713,0.6289594427758021,0.1400246918130056,0.2310158654111924,0.371040557224198,54269
Israel,5.0,0.4217240552151253,0.165710796606843,0.5874348518219683,0.27339337505724315,0.13917177312078854,0.4125651481780317,45857
Israel,5.3,0.2208369659982563,0.3643417611159547,0.585178727114211,0.18546934030804998,0.22935193257773903,0.414821272885789,34410
Israel,5.7,0.36310713354765833,0.1848408491904886,0.5479479827381469,0.2285747386103629,0.22347727865149014,0.45205201726185307,34527
Israel,6.0,0.2873739193083574,0.35536743515850144,0.6427413544668588,0.3474423631123919,0.00981628242074928,0.3572586455331412,22208
Israel,6.3,0.4983581712553675,0.4872442535993938,0.9856024248547612,0.01376610255114928,0.0006314725940894166,0.014397575145238695,15836
Israel,6.7,0.6824091270894136,0.019280091978420448,0.701689219067834,0.0008844078889183692,0.29742637304324754,0.2983107809321659,11307
Israel,7.0,0.009352610579604445,0.00042901883392680937,0.009781629413531254,0.14427903384958599,0.8459393367368827,0.9902183705864687,23309
Israel,7.3,0.0002928429190582172,0.09848307367927843,0.09877591659833665,0.5774276677989926,0.32379641560267075,0.9012240834016634,34148
Israel,7.7,0.06122671909989623,0.3589855626558887,0.42021228175578496,0.2013035483459865,0.3784841698982286,0.579787718244215,54927
Israel,8.0,0.22498602252370467,0.1261624125694595,0.3511484350931642,0.2372063303704887,0.41164523453634716,0.6488515649068358,87641
Israel,8.3,0.10516154190007894,0.19772119874837127,0.3028827406484502,0.3431231751043817,0.35399408424716816,0.6971172593515498,105143
Israel,8.7,0.17741082095920804,0.3078767707799966,0.48528759173920466,0.31763099505034986,0.19708141321044548,0.5147124082607953,117180
Israel,9.0,0.3035813460340968,0.31319948164728456,0.6167808276813813,0.19433177939716254,0.1888873929214561,0.38321917231861863,118838
Israel,9.3,0.28337152732837445,0.17582434315210854,0.459195870480483,0.17089845980494414,0.36990566971457284,0.540804129519517,131347
Israel,9.7,0.23476192412475094,0.22818484934737526,0.4629467734721262,0.49390070345220183,0.04315252307567194,0.5370532265278738,98372
Israel,10.0,0.2609418411355103,0.5648024365576648,0.8257442776931752,0.0493472675912256,0.12490845471559932,0.17425572230682493,86023
Israel,10.3,0.4203122972446905,0.036723041654050784,0.45703533889874126,0.0929538474847528,0.4500108136165059,0.5429646611012587,115595
Israel,10.7,0.038151130603587734,0.0965686450731567,0.13471977567674442,0.46751087464500124,0.3977693496782543,0.8652802243232556,111268
Israel,11.0,0.06574559605465237,0.3182894519466693,0.38403504800132165,0.2708082211058966,0.34515673089278176,0.6159649519986783,163433
Israel,11.3,0.30572256407543885,0.2601160145987975,0.5658385786742364,0.33152905360532703,0.10263236772043656,0.4341614213257636,170151
Israel,11.7,0.28753987383302043,0.3664819422698362,0.6540218161028566,0.11345283031125952,0.23252535358588386,0.3459781838971434,153923
Israel,12.0,0.259800670572197,0.08042721344091965,0.34022788401311665,0.16483825209093253,0.4949338638959508,0.6597721159868833,217128
Israel,12.3,0.09293773283661522,0.1904789781798829,0.2834167110164981,0.5719212346993081,0.1446620542841937,0.7165832889835018,187900
Israel,12.7,0.13906546268378353,0.4175499673619098,0.5566154300456934,0.10561530571011159,0.33776926424419507,0.44338456995430664,257368
Israel,13.0,0.2501256866213574,0.06326692114328275,0.3133926077646402,0.20233451261521274,0.4842728796201471,0.6866073922353598,429640
Israel,13.3,0.08437003377036154,0.26982456793802145,0.354194601708383,0.645805398291617,0.0,0.645805398291617,322176
Israel,13.7,0.29468734957321163,0.7053126504267884,1.0,0.0,0.0,0.0,294994
Israel,14.0,1.0,0.0,1.0,0.0,0.0,0.0,208063
Italy,1.0,0.0,0.0008840465438558766,0.0008840465438558766,0.08001815879387379,0.9190977946622704,0.9991159534561441,41853
Italy,1.3,0.0007233485171355399,0.06547281578072765,0.0661961642978632,0.7520283083419679,0.18177552736016891,0.9338038357021368,51151
Italy,1.7,0.052084791365340055,0.5982519168260781,0.6503367081914182,0.14460567038367625,0.20505762142490552,0.3496632918085818,64299
Italy,2.0,0.5088631372860279,0.12299917982908697,0.6318623171151149,0.1744186046511628,0.19371907823372225,0.368137682884885,75594
Italy,2.3,0.13750979783190617,0.19499534140822575,0.3325051392401319,0.21657275537216972,0.45092210538769834,0.6674948607598681,67617
Italy,2.7,0.16763079270230755,0.18618015383637404,0.3538109465386816,0.38764223507723605,0.2585468183840824,0.6461890534613184,78655
Italy,3.0,0.19383959654254967,0.4035898182588322,0.5974294148013819,0.2691834222404596,0.1333871629581585,0.4025705851986181,75547
Italy,3.3,0.3813585821315556,0.25435579292316546,0.6357143750547211,0.12603969931583095,0.23824592562944805,0.364285624945279,79951
Italy,3.7,0.24193394879604074,0.11988436280574855,0.3618183116017893,0.226610830874655,0.4115708575235557,0.6381816883982108,84056
Italy,4.0,0.10486279488433561,0.19821638552712365,0.30307918041145926,0.36000083249216935,0.3369199870963714,0.6969208195885408,96097
Italy,4.3,0.18594299101913314,0.33770987895353377,0.5236528699726669,0.31605818039828193,0.16028894962905116,0.4763471300273331,102440
Italy,4.7,0.2729797760611058,0.25547813873480046,0.5284579147959063,0.12956577317309892,0.34197631203099477,0.4715420852040937,126731
Italy,5.0,0.3024192041845694,0.15337194096768167,0.45579114515225105,0.4048103866990473,0.13939846814870166,0.544208854847749,107060
Italy,5.3,0.20119836786707673,0.5310436093173714,0.7322419771844482,0.18286750560586196,0.08489051720968988,0.26775802281555183,81611
Italy,5.7,0.6128252262443439,0.21102941176470588,0.8238546380090498,0.09796380090497737,0.07818156108597285,0.1761453619909502,70720
Italy,6.0,0.41666201351275894,0.19342230163604893,0.6100843151488079,0.15436372773465856,0.2355519571165336,0.38991568485119216,35818
Italy,6.3,0.32310418804216023,0.25785840873052884,0.580962596772689,0.39348008581289057,0.025557317414420296,0.41903740322731087,21442
Italy,6.7,0.35421871996924853,0.5405214940098662,0.8947402139791147,0.03510795054135435,0.07015183547953104,0.10525978602088538,15609
Italy,7.0,0.4924702311463927,0.03198692505253327,0.524457156198926,0.06391547980387578,0.41162736399719824,0.47554284380107403,17132
Italy,7.3,0.036987041036717065,0.07390658747300216,0.11089362850971923,0.4759719222462203,0.41313444924406045,0.8891063714902807,14816
Italy,7.7,0.04085820895522388,0.26313432835820894,0.3039925373134328,0.2283955223880597,0.46761194029850744,0.6960074626865671,26800
Italy,8.0,0.11771382786939974,0.10217333244307938,0.21988716031247912,0.20918742071175803,0.5709254189757629,0.7801128396875209,59908
Italy,8.3,0.07144774777929522,0.1462805383385276,0.21772828611782283,0.3992366144903176,0.38303509939185953,0.7822717138821771,85671
Italy,8.7,0.13019042375258416,0.35532261918366076,0.4855130429362449,0.3409031882733043,0.17358376879045076,0.514486957063755,96259
Italy,9.0,0.3484235725564101,0.33428411348240206,0.6827076860388122,0.17021341618703204,0.14707889777415575,0.3172923139611878,98165
Italy,9.3,0.38435410005036486,0.19570844606861332,0.5800625461189781,0.16910877636834276,0.25082867751267907,0.4199374538810218,85377
Italy,9.7,0.3048253215360759,0.26339505609778346,0.5682203776338594,0.39067773419684393,0.041101888169296726,0.43177962236614065,54815
Italy,10.0,0.3136990765888104,0.46529060293318847,0.7789896795219988,0.0489516567083107,0.1720586637696904,0.2210103204780011,46025
Italy,10.3,0.12838036316985293,0.013506465478481377,0.14188682864833432,0.047473457667152254,0.8106397136845134,0.8581131713516656,166809
Italy,10.7,0.008487346206875768,0.02983191061351496,0.03831925682039073,0.5093989919157368,0.45228175126387243,0.9616807431796093,265454
Italy,11.0,0.01940769641745541,0.3313988540170672,0.35080655043452263,0.294240185866864,0.35495326369861335,0.6491934495654774,408034
Italy,11.3,0.2829125206082466,0.251190466227582,0.5341029868358287,0.3030207295946975,0.16287628356947384,0.4658970131641713,477964
Italy,11.7,0.30340017436791633,0.3660033104633385,0.6694034848312549,0.19672996980149857,0.13386654536724663,0.3305965151687452,395715
Italy,12.0,0.3748033248452477,0.2014600542409374,0.5762633790861851,0.13708517069333168,0.2866514502204832,0.4237366209138149,386424
Italy,12.3,0.2954320345794641,0.20102918685889287,0.49646122143835697,0.4203613538816511,0.08317742467999195,0.503538778561643,263509
Italy,12.7,0.21056460075682895,0.44030034661493944,0.6508649473717684,0.08712277800744109,0.2620122746207905,0.34913505262823163,251576
Italy,13.0,0.3093466713584343,0.06121081117310947,0.37055748253154375,0.18408485396873273,0.4453576634997235,0.6294425174684563,358074
Italy,13.3,0.08862740340874628,0.26653727178989506,0.35516467519864137,0.6448353248013586,0.0,0.6448353248013586,247305
Italy,13.7,0.2924569740047119,0.7075430259952881,1.0,0.0,0.0,0.0,225387
Italy,14.0,1.0,0.0,1.0,0.0,0.0,0.0,159471
Japan,1.0,1.8521948508983146e-05,0.0005000926097425449,0.000518614558251528,0.0680311168734951,0.9314502685682534,0.9994813854417485,53990
Japan,1.3,0.0004577434941086717,0.06227006866152412,0.06272781215563279,0.8525726879715182,0.08469949987284903,0.9372721878443673,58985
Japan,1.7,0.04887363112583663,0.6691549239551315,0.7180285550809682,0.06647771878700784,0.215493726132024,0.2819714449190318,75153
Japan,2.0,0.522450548537234,0.0519032579787234,0.5743538065159575,0.16824925199468085,0.2573969414893617,0.42564619348404253,96256
Japan,2.3,0.045291776587161284,0.14681751838051982,0.1921092949676811,0.22460949894385668,0.5832812060884622,0.807890705032319,110307
Japan,2.7,0.08544866484812351,0.13072405805971646,0.21617272290783995,0.3394731149322795,0.44435416215988055,0.78382727709216,189529
Japan,3.0,0.13015339357007774,0.33799117461651607,0.4681445681865938,0.4424143727673881,0.08944105904601807,0.5318554318134061,190360
Japan,3.3,0.2433876044062462,0.3185827986926522,0.5619704030988985,0.06440654884396563,0.3736230480571359,0.43802959690110155,264352
Japan,3.7,0.23005416863573164,0.04650908683644787,0.2765632554721795,0.26979968804547655,0.453637056482344,0.7234367445278205,366079
Japan,4.0,0.04789620706824914,0.27784638668605843,0.3257425937543076,0.4671666521322055,0.20709075411348696,0.6742574062456924,355477
Japan,4.3,0.2525364097529046,0.4246108451971854,0.67714725495009,0.18822614956635575,0.13462659548355424,0.32285274504991,391104
Japan,4.7,0.4128657733137757,0.18301966536558686,0.5958854386793626,0.13090271735076947,0.273211843969868,0.40411456132063744,402230
Japan,5.0,0.23581871532360366,0.16866663249746935,0.40448534782107304,0.3520302909934267,0.2434843611855003,0.595514652178927,312172
Japan,5.3,0.18350916447966875,0.38300868177176456,0.5665178462514333,0.26491079488225067,0.16857135886631605,0.4334821537485667,286923
Japan,5.7,0.41437378631624594,0.28660470202296334,0.7009784883392093,0.18237589789031128,0.11664561377047944,0.2990215116607907,265205
Japan,6.0,0.3788553940626433,0.24107801503279702,0.6199334090954403,0.15419084076001355,0.2258757501445461,0.38006659090455963,200628
Japan,6.3,0.3805548561717127,0.24339869075344622,0.6239535469251589,0.3565572480644552,0.01948920501038585,0.3760464530748411,127096
Japan,6.7,0.35667754320831074,0.5225006053198972,0.879178148528208,0.028559569242831283,0.09226228222896081,0.12082185147179209,86731
Japan,7.0,0.5237566889728743,0.028628226020826833,0.5523849149937011,0.09248407937773771,0.3551310056285612,0.44761508500629893,86523
Japan,7.3,0.04639967031320246,0.14989509965532744,0.1962947699685299,0.5755844447774614,0.2281207852540087,0.8037052300314701,53384
Japan,7.7,0.11009906439185471,0.42277105118326913,0.5328701155751239,0.16755641166758392,0.29957347275729224,0.46712988442487613,72680
Japan,8.0,0.27130092355506896,0.10752441328647866,0.3788253368415476,0.19224249059669074,0.42893217256176164,0.6211746631584524,113258
Japan,8.3,0.09898640135905126,0.1769774114625245,0.2759638128215758,0.3948726702268608,0.3291635169515635,0.7240361871784242,123027
Japan,8.7,0.14432395169094933,0.3220161472073816,0.46634009889833095,0.26843075128262917,0.26522914981903994,0.5336599011016692,150862
Japan,9.0,0.26597171655233204,0.22171244614045366,0.4876841626927857,0.2190680587568642,0.2932477785503501,0.5123158373072143,182651
Japan,9.3,0.1576044865283502,0.15572472144060837,0.3133292079689586,0.20845544022697288,0.47821535180406854,0.6866707920310414,256947
Japan,9.7,0.14926102494087454,0.1998030394592538,0.3490640644001283,0.4583659735744608,0.1925699620254109,0.6509359355998717,268074
Japan,10.0,0.1964251661263587,0.45061683120388435,0.647041997330243,0.1893143712135659,0.16364363145619104,0.35295800266975697,272684
Japan,10.3,0.27660944302623464,0.11620991306148727,0.3928193560877219,0.10045202623913269,0.5067286176731454,0.607180643912278,444222
Japan,10.7,0.10391082143554461,0.08982067266370236,0.19373149409924698,0.4530989269345271,0.3531695789662259,0.806268505900753,496801
Japan,11.0,0.07247994022674853,0.3656238833122178,0.4381038235389663,0.28498684338758407,0.2769093330734496,0.5618961764610337,615660
Japan,11.3,0.36473701181384965,0.2842955682265615,0.6490325800404111,0.27623765103531195,0.07472976892427696,0.3509674199595889,617157
Japan,11.7,0.40001322320078975,0.3886754684546866,0.7886886916554763,0.10514724490051822,0.10616406344400545,0.21131130834452366,438623
Japan,12.0,0.34490558097943297,0.09330630444722286,0.43821188542665584,0.09420861606438377,0.4675794985089604,0.5617881145733442,494286
Japan,12.3,0.12381241291922931,0.12500973156974918,0.2488221444889785,0.6204526723561674,0.1307251831548541,0.7511778555110216,372499
Japan,12.7,0.08198210569681093,0.4068964545899486,0.4888785602867595,0.08573033193545093,0.4253911077777895,0.5111214397132404,568002
Japan,13.0,0.1862298918000767,0.03923737909295137,0.2254672708930281,0.1946945938715718,0.5798381352354001,0.7745327291069719,1241036
Japan,13.3,0.04821678591727249,0.23925011733625898,0.28746690325353147,0.7125330967464685,0.0,0.7125330967464685,1009918
Japan,13.7,0.25137038959741914,0.7486296104025809,1.0,0.0,0.0,0.0,961223
Japan,14.0,1.0,0.0,1.0,0.0,0.0,0.0,719600
Sweden,1.0,2.660812878334331e-05,0.0002394731590500898,0.00026608128783343313,0.07889310184261292,0.9208408168695537,0.9997339187121665,75165
Sweden,1.3,0.00021889288841326978,0.07211304601614943,0.0723319389045627,0.8417039595291371,0.08596410156630023,0.9276680610954373,82232
Sweden,1.7,0.061760539910015,0.7208694384269289,0.7826299783369438,0.07362314614230961,0.14374687552074655,0.21737002166305616,96016
Sweden,2.0,0.6449043102323762,0.06586474852319102,0.7107690587555672,0.12859884836852206,0.16063209287591076,0.2892309412444328,107326
Sweden,2.3,0.07296730973688828,0.14246637558191147,0.21543368531879975,0.1779539425468884,0.6066123721343119,0.7845663146812003,96879
Sweden,2.7,0.08890005346112474,0.11104455308432043,0.19994460654544516,0.37853052759044914,0.4215248658641057,0.8000553934545549,155253
Sweden,3.0,0.1118906534959339,0.3814147288079492,0.4933053823038831,0.4247366610634804,0.08195795663263651,0.5066946176961169,154079
Sweden,3.3,0.32213293574662616,0.35872151024480087,0.680854445991427,0.06921955337272657,0.24992600063584638,0.319145554008573,182434
Sweden,3.7,0.2867012468128729,0.05532239268910287,0.3420236395019758,0.19974853457868588,0.4582278259193383,0.6579763604980242,228262
Sweden,4.0,0.04273434856175973,0.15429780033840948,0.1970321489001692,0.3539627749576988,0.449005076142132,0.8029678510998308,295500
Sweden,4.3,0.1306866386920731,0.2997982160464103,0.4304848547384834,0.3802968287817294,0.1892183164797872,0.5695151452615166,348888
Sweden,4.7,0.33288988752601795,0.4222739222039044,0.7551638097299224,0.21010419915596773,0.03473199111410985,0.24483619027007758,314206
Sweden,5.0,0.6304273455540668,0.31367182674307,0.9440991722971368,0.051852590966540275,0.004048236736322946,0.05590082770286322,210462
Sweden,5.3,0.8450697013530639,0.1396971287394872,0.9847668300925512,0.010906437614408786,0.004326732293040106,0.015233169907448892,78119
Sweden,5.7,0.4784724658014732,0.03735531392493862,0.5158277797264118,0.014819361627499123,0.4693528586460891,0.48417222027358825,22808
Sweden,6.0,0.024402119432908494,0.009680653014463697,0.03408277244737219,0.30660174710010024,0.6593154804525275,0.9659172275526278,34915
Sweden,6.3,0.008791551786921916,0.2784424907662696,0.2872340425531915,0.5987618998075223,0.11400405763928627,0.7127659574468085,38446
Sweden,6.7,0.17385302476654485,0.37385302476654486,0.5477060495330897,0.07118148599269183,0.3811124644742184,0.45229395046691023,61575
Sweden,7.0,0.2094250363901019,0.039874454148471614,0.24929949053857353,0.2134916302765648,0.5372088791848617,0.7507005094614265,109920
Sweden,7.3,0.03924992612094673,0.21014784765691463,0.24939777377786138,0.5287949207031495,0.22180730551898917,0.7506022262221387,111669
Sweden,7.7,0.1582272506607692,0.39814714925292627,0.5563743999136954,0.16700604131830196,0.2766195587680026,0.4436256000863046,148312
Sweden,8.0,0.25761277375447167,0.1080577611028706,0.36567053485734224,0.1789808917197452,0.45534857342291246,0.6343294651426576,229220
Sweden,8.3,0.0942399811284143,0.15609388613889638,0.25033386726731066,0.3971213222285212,0.3525448105041681,0.7496661327326892,262829
Sweden,8.7,0.14611855883065264,0.3717429088370635,0.5178614676677161,0.3300151012209195,0.1521234311113644,0.4821385323322839,280772
Sweden,9.0,0.35023757432586605,0.3109237211924352,0.6611612955183013,0.14332308766089957,0.19551561682079915,0.3388387044816987,298012
Sweden,9.3,0.2914024957858455,0.13432460311470049,0.42572709890054594,0.18324024454675825,0.3910326565526958,0.5742729010994541,317976
Sweden,9.7,0.16509031033669735,0.22520959032773008,0.39029990066442743,0.4805947765722657,0.1291053227633069,0.6097000993355726,258719
Sweden,10.0,0.20913029277379572,0.44628173331275506,0.6554120260865508,0.11988758519943578,0.22470038871401343,0.3445879739134492,278611
Sweden,10.3,0.2544322395291922,0.06834979905543778,0.32278203858462995,0.1281052278326635,0.5491127335827065,0.67721796141537,488692
Sweden,10.7,0.0743906567366283,0.13942735986886648,0.21381801660549477,0.59764413997078,0.18853784342372518,0.7861819833945052,449008
Sweden,11.0,0.11942747152332789,0.5119162306061987,0.6313437021295266,0.16149339661694656,0.2071629012535268,0.3686562978704734,524201
Sweden,11.3,0.5469526437868665,0.17254627798998007,0.7194989217768466,0.2213414808141502,0.05915959740900326,0.28050107822315345,490622
Sweden,11.7,0.3599690440654327,0.4617664442771917,0.8217354883426244,0.12341978033192585,0.05484473132544977,0.1782645116573756,235173
Sweden,12.0,0.28342981526624317,0.07575441215620156,0.3591842274224447,0.033663407682711026,0.6071523648948443,0.6408157725775553,383146
Sweden,12.3,0.09073119496344181,0.040318723605115334,0.13104991856855713,0.7271874736246526,0.14176260780679023,0.8689500814314428,319901
Sweden,12.7,0.026414792939398347,0.4764165337188989,0.5028313266582972,0.09287570629568266,0.4042929670460201,0.4971686733417027,488287
Sweden,13.0,0.19087785861804982,0.037210958647834996,0.2280888172658848,0.16198131328837384,0.6099298694457413,0.7719111827341152,1218727
Sweden,13.3,0.04598929722066446,0.20019389533910895,0.2461831925597734,0.7538168074402266,0.0,0.7538168074402266,986099
Sweden,13.7,0.20984449624713924,0.7901555037528607,1.0,0.0,0.0,0.0,940749
Sweden,14.0,1.0,0.0,1.0,0.0,0.0,0.0,743338
Usa,1.0,4.3874322004617774e-05,0.0006773098459462868,0.0007211841679509046,0.07139174833688898,0.9278870674951601,0.9992788158320491,364678
Usa,1.3,0.0005945059944015347,0.06266382009815366,0.06325832609255519,0.8144491432615032,0.12229253064594159,0.9367416739074448,415471
Usa,1.7,0.049108094394679315,0.6382637596032873,0.6873718539979666,0.09583764809292342,0.21679049790910995,0.31262814600203337,530157
Usa,2.0,0.5543014962438284,0.08323040582378592,0.6375319020676143,0.18827216108455563,0.17419593684783,0.36246809793238566,610462
Usa,2.3,0.0861287736112924,0.1948284425488923,0.2809572161601847,0.18026203597443038,0.5387807478653849,0.7190427838398152,589919
Usa,2.7,0.13256538995214484,0.12265409906215866,0.25521948901430347,0.36659780782038104,0.37818270316531544,0.7447805109856964,866991
Usa,3.0,0.1258352828690539,0.37610596954345954,0.5019412524125134,0.38799133329310015,0.1100674142943864,0.4980587475874866,845073
Usa,3.3,0.31367268148066274,0.32358508441925005,0.6372577658999128,0.09179631215976694,0.2709459219403203,0.3627422341000872,1013276
Usa,3.7,0.2744672106103336,0.07786229636642616,0.35232950697675974,0.2298182920101891,0.41785220101305115,0.6476704930232402,1194609
Usa,4.0,0.07393503033232014,0.21822657670833917,0.2921616070406593,0.3967763166261812,0.3110620763331595,0.7078383929593407,1258064
Usa,4.3,0.1947465676416657,0.35408531330134174,0.5488318809430075,0.27759346548489267,0.17357465357209992,0.4511681190569926,1409745
Usa,4.7,0.32668984785626354,0.25611614940937705,0.5828059972656405,0.16014523911901007,0.25704876361534934,0.4171940027343594,1527963
Usa,5.0,0.34614044243169373,0.216435957083595,0.5625763995152887,0.3474008685884112,0.0900227318963001,0.4374236004847113,1130570
Usa,5.3,0.28628857705114436,0.45952115200569077,0.7458097290568351,0.11907670132137149,0.13511356962179338,0.2541902709431649,854718
Usa,5.7,0.5586180510714073,0.14475589323760407,0.7033739443090113,0.1642511527619351,0.13237490292905357,0.29662605569098865,703094
Usa,6.0,0.1847008458597154,0.20957576351497267,0.3942766093746881,0.16890335857664732,0.4368200320486646,0.6057233906253119,551037
Usa,6.3,0.24581942646958654,0.19811320754716982,0.44393263401675637,0.512362918057353,0.04370444792589061,0.5560673659832436,469792
Usa,6.7,0.21508298553819277,0.5562503755263146,0.7713333610645075,0.0474480387127189,0.18121860022277375,0.22866663893549266,432726
Usa,7.0,0.3732365756462142,0.031837000511699305,0.4050735761579135,0.1215952613542975,0.473331162487789,0.5949264238420865,644910
Usa,7.3,0.041642328660436136,0.15904481438213916,0.2006871430425753,0.6191102024922118,0.18020265446521289,0.7993128569574247,493056
Usa,7.7,0.1307387209552406,0.5089237037913862,0.6396624247466268,0.148130982132586,0.21220659312078718,0.3603375752533732,599807
Usa,8.0,0.3545106455625198,0.10318641028589082,0.45769705584841064,0.14782077501878493,0.3944821691328044,0.5423029441515894,861063
Usa,8.3,0.10411210594710378,0.14914689005363208,0.25325899600073587,0.3980211083340071,0.348719895665257,0.7467410039992641,853407
Usa,8.7,0.1330954096341322,0.35518529711009494,0.48828070674422713,0.3111899775077405,0.20052931574803232,0.5117192932557728,956329
Usa,9.0,0.3270111473414953,0.2865056420239082,0.6135167893654034,0.18462284940258375,0.20186036123201276,0.3864832106345965,1038723
Usa,9.3,0.24506614974398164,0.1579194410910714,0.40298559083505303,0.17266376034902162,0.4243506488159253,0.597014409164947,1214366
Usa,9.7,0.17439509803654102,0.1906776848080419,0.3650727828445829,0.4686229414872672,0.16630427566814987,0.634927217155417,1099641
Usa,10.0,0.18265278922326156,0.4489003914791011,0.6315531807023627,0.15930516379576184,0.20914165550187552,0.36844681929763734,1147954
Usa,10.3,0.2732520373918203,0.09697131345953877,0.37022335085135905,0.1273074930522672,0.5024691560963737,0.6297766491486408,1885867
Usa,10.7,0.10221179905621411,0.13418739453950057,0.23639919359571468,0.5296233966790318,0.23397740972525358,0.7636008064042854,1789177
Usa,11.0,0.10985172065263595,0.43357307609068163,0.5434247967433176,0.19154422917571287,0.2650309740809696,0.45657520325668244,2185537
Usa,11.3,0.3907316936393685,0.17261773204990336,0.5633494256892718,0.2388432471482388,0.19780732716248936,0.4366505743107282,2425168
Usa,11.7,0.14917267244527985,0.20640339233695312,0.35557606478223297,0.1709409993496833,0.4734829358680837,0.644423935217767,2806325
Usa,12.0,0.1151567275437572,0.09537152401077462,0.2105282515545318,0.2641659365431729,0.5253058119022953,0.7894717484454682,5029971
Usa,12.3,0.10175877504933449,0.2818577388923406,0.3836165139416751,0.5604867543003156,0.055896731758009285,0.6163834860583248,4714247
Usa,12.7,0.2702289858992519,0.5373624574572692,0.807591443356521,0.05359057089370495,0.138817985749774,0.19240855664347895,4917115
Usa,13.0,0.43752319237721926,0.04363371004680948,0.48115690242402875,0.11302629620240295,0.4058168013735683,0.5188430975759712,6039161
Usa,13.3,0.07757423853833273,0.20094392279050707,0.2785181613288398,0.7214818386711602,0.0,0.7214818386711602,3396888
Usa,13.7,0.21784292155077414,0.7821570784492259,1.0,0.0,0.0,0.0,3133377
Usa,14.0,1.0,0.0,1.0,0.0,0.0,0.0,2450793
Ussr,1.0,8.564439377151146e-05,0.0003693414481396432,0.00045498584191115465,0.06590336100717807,0.9336416531509107,0.9995450141580888,186819
Ussr,1.3,0.00034624822485058635,0.06178272672986115,0.06212897495471173,0.8752653315201301,0.0626056935251582,0.9378710250452883,199279
Ussr,1.7,0.05238792252442387,0.7421707458215611,0.7945586683459849,0.05308574735337169,0.15235558430064336,0.20544133165401504,235016
Ussr,2.0,0.5344466233607059,0.03822772398578257,0.5726743473464885,0.10971320014707685,0.3176124525064346,0.42732565265351147,326360
Ussr,2.3,0.027538164063534668,0.0790342659874096,0.10657243005094427,0.22879896875358685,0.6646286011954688,0.8934275699490557,453044
Ussr,2.7,0.05370510637978747,0.15547272822720354,0.20917783460699102,0.4516262570963605,0.3391959082966485,0.790822165393009,666715
Ussr,3.0,0.14989024591278094,0.43540993657688715,0.5853001824896681,0.3270165686736674,0.08768324883666452,0.4146998175103319,691546
Ussr,3.3,0.3835725677830941,0.28808388237512167,0.6716564501582158,0.07724419238628083,0.25109935745550344,0.32834354984178427,785004
Ussr,3.7,0.3086623136263628,0.08276190580180928,0.39142421942817207,0.26903590712300796,0.3395398734488199,0.6085757805718279,732668
Ussr,4.0,0.08057666190943182,0.26193228780473543,0.34250894971416723,0.33057466865460616,0.3269163816312266,0.6574910502858328,752538
Ussr,4.3,0.22895526687481416,0.2889556385667559,0.51791090544157,0.28575792633065716,0.19633116822777283,0.48208909455842996,860928
Ussr,4.7,0.28214044304113306,0.27901815080456016,0.5611585938456932,0.19170057750497888,0.2471408286493279,0.4388414061543068,881724
Ussr,5.0,0.32901937602978626,0.22605412663428412,0.5550735026640704,0.29142950377677446,0.1534969935591552,0.44492649733592965,747728
Ussr,5.3,0.301958486447088,0.38928558030187455,0.6912440667489625,0.20503814966530837,0.10371778358572911,0.30875593325103745,559769
Ussr,5.7,0.4901987249569212,0.2581894748208236,0.7483881997777448,0.1306041832570737,0.12100761696518152,0.2516118002222552,444534
Ussr,6.0,0.4048137188164629,0.2047735104383066,0.6095872292547695,0.18972711208614468,0.20068565865908586,0.3904127707452305,283523
Ussr,6.3,0.33295483219782995,0.3084898951666552,0.6414447273644852,0.32630812286376254,0.032247149771752345,0.3585552726355149,174372
Ussr,6.7,0.3680224403927069,0.3892792392159546,0.7573016796086615,0.038470222009372966,0.2042280983819656,0.24269832039133857,146165
Ussr,7.0,0.23104128768191268,0.02283247791060291,0.25387376559251557,0.12121150597713097,0.6249147284303534,0.7461262344074844,246272
Ussr,7.3,0.022571542114411185,0.11982626776761307,0.14239780988202425,0.6177730321653507,0.23982915795262505,0.8576021901179758,249119
Ussr,7.7,0.0936531342159754,0.48283553993850786,0.5764886741544832,0.18744431197841502,0.23606701386710172,0.42351132584551676,318740
Ussr,8.0,0.34767570840233053,0.13497315040517247,0.48264885880750297,0.16998493169562476,0.34736620949687225,0.517351141192497,442651
Ussr,8.3,0.15770857200175273,0.19861787888226629,0.35632645088401904,0.40587797422645033,0.23779557488953063,0.643673549115981,378838
Ussr,8.7,0.1852520243936667,0.378564693195723,0.5638167175893897,0.2217932841094022,0.2143899983012081,0.43618328241061033,406171
Ussr,9.0,0.33226009991875116,0.19466437326049751,0.5269244731792486,0.1881666292115408,0.2849088976092105,0.47307552682075127,462776
Ussr,9.3,0.12413789302087798,0.11999426754839856,0.24413216056927656,0.1816870219224934,0.57418081750823,0.7558678394307234,725693
Ussr,9.7,0.11890109439965045,0.18003181473718705,0.2989329091368375,0.5689499088569224,0.13211718200624006,0.7010670908631624,732365
Ussr,10.0,0.17681523639913743,0.5587846391520314,0.7355998755511688,0.12975668107841348,0.13464344337041764,0.2644001244488311,745688
Ussr,10.3,0.3667070912598392,0.08515390681104525,0.4518609980708844,0.08836088542180041,0.45977811650731515,0.5481390019291156,1136272
Ussr,10.7,0.07701240453838164,0.07991276628767227,0.1569251708260539,0.41581906963972315,0.4272557595342229,0.843074829173946,1256395
Ussr,11.0,0.0551745740404404,0.2870960562505667,0.3422706302910071,0.29499234770279964,0.3627370220061933,0.657729369708993,1819715
Ussr,11.3,0.25021456555265,0.25709646828931865,0.5073110338419686,0.3161383947814592,0.17655057137657212,0.49268896615803137,2087940
Ussr,11.7,0.24232216720438093,0.29797119139633116,0.5402933586007121,0.16640491937446084,0.29330172202482707,0.4597066413992879,2215241
Ussr,12.0,0.2891072022985687,0.16145473816990488,0.45056194046847353,0.2845766393945234,0.2648614201370031,0.5494380595315265,2283160
Ussr,12.3,0.20498136062955696,0.361295725400702,0.566277086030259,0.33626547534843165,0.09745743862130939,0.43372291396974105,1798344
Ussr,12.7,0.3122260596365258,0.29059531286566426,0.60282137250219,0.08422117922721727,0.31295744827059263,0.3971786274978099,2080973
Ussr,13.0,0.1566740246752372,0.04540772176364211,0.2020817464388793,0.1687305362537373,0.6291877173073834,0.7979182535611207,3859740
Ussr,13.3,0.05384361811712927,0.20007748034650488,0.25392109846363414,0.7460789015363658,0.0,0.7460789015363658,3255019
Ussr,13.7,0.2114634368880402,0.7885365631119599,1.0,0.0,0.0,0.0,3079757
Ussr,14.0,1.0,0.0,1.0,0.0,0.0,0.0,2428501
